feature_set,n_features,AUC,AUC_lower,AUC_upper,Sensitivity,Specificity,Precision,F1,TP,TN,FP,FN
Motif,6,0.9166666666666667,0.7985676228170742,1,0.8333333333333334,0.8,0.8333333333333334,0.8333333333333334,10,8,2,2
MethTile,7,0.9,0.765194370589385,1,0.9166666666666666,0.8,0.8461538461538461,0.8799999999999999,11,8,2,1
stackHMM,9,0.5291666666666667,0.2590486638941396,0.7992846694391937,0.75,0.5,0.6428571428571429,0.6923076923076924,9,5,5,3
